Skills,Description,Percentage of new career starts,Percentage of pay increase or promotion,Estimated Time to Complete,Instructors,,_id
"Data Science, Machine Learning, Python Programming, Data Analysis, Data Visualization (DataViz), Numpy, Pandas, Cloud Databases, python, Relational Database Management System (RDBMS), SQL, Predictive Modelling","Take a machine learning course, and develop the foundation you need to better understand and utilize machine learning algorithms. Whatever level of technology you work with from day to day, machine learning training with an experienced instructor can help you advance in your technology career.

It is a myth that to become a data scientist you need a Ph.D. This Professional Certificate is suitable for anyone who has some computer skills and a passion for self-learning. No prior computer science or programming knowledge is necessary. We start small, re-enforce applied learning, and build up to more complex topics.",46,19,Approx. 10 months to complete,"Apna College, CodeWithHarry, 5MinutesEngineering, OxfordSparks",,6267dea3cac9f2f68bf3c7d4
"Data Science,Python Programming,Rstudio,SQL,Cloud Databases,Ipython,Relational Database Management System (RDBMS)","In this Specialization learners will develop foundational Data Science skills to prepare them for a career or further learning that involves more advanced topics in Data Science. The specialization entails understanding what is Data Science and the various kinds of activities that a Data Scientist performs. It will familiarize learners with various open source tools, like Jupyter notebooks, used by Data Scientists. It will teach you about methodology involved in tackling data science problems. The specialization also provides knowledge of relational database concepts and the use of SQL to query databases. Learners will complete hands-on labs and projects to apply their newly acquired skills and knowledge.

Upon receiving the certificate for completion of the specialization, you will also receive an IBM Badge as a Specialist in Data Science Foundations.

LIMITED TIME OFFER: Subscription is only $39 USD per month and gives you access to graded materials and a certificate.",46,19,Approx. 4 months to complete,"JomaTech,Simplilearn, Krish Naik, Aaron Oliver, Edureka, TechTribe",,6268385cb87e615e851cdf72
"Arrays, Coding, Python Programming, Database Semantics,Basic Programming Language,Computer Programming,Data Structure,Tuple,Web Scraping,Sqlite,SQL","This Specialization builds on the success of the Python for Everybody course and will introduce fundamental programming concepts including data structures, networked application program interfaces, and databases, using the Python programming language. In the Capstone Project, youâ€™ll use the technologies learned throughout the Specialization to design and create your own applications for data retrieval, processing, and visualization.",46,19,Approx. 8 months to complete,"CodeWithHarry, PrateekJain",,6268414cb87e615e851cdf73
"HTML, CSS, Javascript, Coding, Designing, Interface,Logical reasoning, Problem Solving","This 5-course certificate, developed by Google, includes innovative curriculum designed to prepare you for an entry-level role in IT support. A job in IT can mean in-person or remote help desk work in a small business or at a global company like Google. The program is part of Grow with Google, a Google initiative to help create economic opportunities for all Americans. Learn more.

Upon completion of the certificate, you can share your information with top employers like Cognizant, GE Digital, Hulu, Infosys, Intel, KForce, MCPc, PNC Bank, RICOH USA, Sprint, TEKSystems, Veterans United Home Loans, Walmart and their subsidiaries, and of course, Google. You can also earn a CompTIA and Google dual credential when you complete the Google certificate and pass the CompTIA A+ certification exams.

Through a mix of video lectures, quizzes, and hands-on labs and widgets, the program will introduce you to troubleshooting, customer service, networking, operating systems, system administration and security. Youâ€™ll hear from Googlers with unique backgrounds whose own foundation in IT support served as a jumping off point for their careers. By dedicating ~5 hours a week, you can complete in under six months.

Completing the program can earn you up to 12 college credits, the equivalent of 4 associate degree-level courses. Learn more in the FAQs below.

If youâ€™re interested in building on your IT foundations, check out the Google IT Automation with Python Professional Certificate.",46,19,Approx. 8 months to complete,Apna College,,626afab313d1cfd42a6e4f0a
"File Handling, Coding, Beginner, SQL, Data Structures, Algorithm, Mathematics, Machine Learning, Multi-Task Learning","If you want to break into AI, this Specialization will help you do so. Deep Learning is one of the most highly sought after skills in tech. We will help you become good at Deep Learning.

In five courses, you will learn the foundations of Deep Learning, understand how to build neural networks, and learn how to lead successful machine learning projects. You will learn about Convolutional networks, RNNs, LSTM, Adam, Dropout, BatchNorm, Xavier/He initialization, and more. You will work on case studies from healthcare, autonomous driving, sign language reading, music generation, and natural language processing. You will master not only the theory, but also see how it is applied in industry. You will practice all these ideas in Python and in TensorFlow, which we will teach.

You will also hear from many top leaders in Deep Learning, who will share with you their personal stories and give you career advice.

AI is transforming multiple industries. After finishing this specialization, you will likely find creative ways to apply it to your work.

We will help you master Deep Learning, understand how to apply it, and build a career in AI.",46,19,Approx. 4 months to complete,"NesoAcacdemy, BroCode",,6269ad51cc8ecff307e5cba4
"Object Oriented Programming, DevOps tools, Software Design And Architecture, Database, SQL, Coding, C++ , Microservices","In this course you will engage in a series of challenges designed to increase your own happiness and build more productive habits. As preparation for these tasks, Professor Laurie Santos reveals misconceptions about happiness, annoying features of the mind that lead us to think the way we do, and the research that can help us change. You will ultimately be prepared to successfully incorporate a specific wellness activity into your life.THE SCIENCE OF WELL BEING WAS PRODUCED IN PART DUE TO THE GENEROUS FUNDING OF THE DAVID F. SWENSEN FUND FOR INNOVATION IN TEACHING.",46,19,Approx. 19 hours to complete,"SmartProgramming, CodeWithHarry, CodeitUp",,6269a7d1cc8ecff307e5cba3
"HTML, CSS, Javascript, Coding, Designing, Data Structures and Algorithms, Java, Networking, Command-Line Interface, Logical reasoning, Problem Solving","A guide to Learning the most popular javascript library, called React. This playlist is made to learn React from absolute scratch, so it's perfect for beginners. We will go through all the important React features like state,props to libraries like react-router and state managment. We will also we covering practical projects using react.",46,19,Approx 1 Month,DevEd,,626998eed2dde4b054b6c8e8
"HTML, CSS, Javascript, Coding, Designing, Data Structures and Algorithms, Java, Networking, Command-Line Interface, Logical reasoning, Problem Solving","Knowing how to use Angular effectively is a valuable developer skill. But topics such as dependency injection and custom directives make the learning curve steep. Whether you’re trying to build a full single page application or just add a bit of interactivity to an existing web app, Udemy has the course for you",46,19,2 months,Naresh Technologies,,626af8ca745a319dd8cd3dea
"HTML, CSS, Javascript, Coding, Designing, Data Structures and Algorithms, Java, Networking, Command-Line Interface, Logical reasoning, Problem Solving","This course shows you how to design web pages and create CSS classes from a beginner's level to a more intermediate level. It starts off with basic HTML declarations, properties, values and how to include a CSS style sheet with your HTML code.",46,19,3 Months,WebDevSimplified,,626afe7913d1cfd42a6e4f0b
"HTML, CSS, Javascript, Coding, Designing, Data Structures and Algorithms, Java, Networking, Command-Line Interface, Logical reasoning, Problem Solving",In this video series I will cover the Javascript programming language from scratch. This playlist is recommended for people starting out with a programming language with 0 previous knowledge.,46,19,1 months,DevEd,,626afee3745a319dd8cd3deb
"HTML, CSS, Javascript, Coding, Designing, Data Structures and Algorithms, Java, Networking, Command-Line Interface, Logical reasoning, Problem Solving","Node JS Course Overview. The Node JS  training course helps you gain an in-depth knowledge of concepts such as Express. js, Node Packet Manager (NPM), shrink-wrap, NPM Vet, REST, Express. js with MongoDB, and SQLite CRUD operations.",46,19,2 months,WebDevSimplified,,626b05b013d1cfd42a6e4f0c
"HTML, CSS, Javascript, Coding, Designing, Data Structures and Algorithms, Java, Networking, Command-Line Interface, Logical reasoning, Problem Solving","In this MongoDB Tutorial series, I'll teach you all of the basics of MongoDB, including how to install and connect to MongoDB on your local computer as well as create, read, update and delete data",46,19,3 Months,TheNetNinja,,626b08a4745a319dd8cd3dec
"HTML, CSS, Javascript, Coding, Designing, Data Structures and Algorithms, Java, Networking, Command-Line Interface, Logical reasoning, Problem Solving","Vue.JS is a JavaScript framework. It is a lightweight alternative to Angular JS. It is designed to learn how to build interactive web interfaces with Vue.js framework. In this training class, you will also learn Vue.js fundamentals and develop full-fledged web applications using its reactive components",46,19,2 months,TheNetNinja,,626b110813d1cfd42a6e4f0e
